Dialogue_ID,Dialogue_Context,Reply,Label,mean_human_score,n_ratings,mental_state
2438,Speaker 1: Hey! We gotta talk about this early morning church shit.,Speaker 2: We have to go now.  We're on the lamb.,0,2.333333333,3,"Urgent, evasive"
7145,"Speaker 1: I don't know, Bob.  I'm flattered and all, but I've got a kid, now.Speaker 2: So?Speaker 1: So I don't know about horror.Speaker 2: Come on.  Kids love horror.",Speaker 1: Because I just saw Johnnie downstairs.,1,1.666666667,3,"Defensive, explanatory"
3130,Speaker 1: Jack. Do you need a ride?Speaker 2: No. Thanks.Speaker 1: My car's in the garage.Speaker 2: Maybe another time.Speaker 1: I'll take you up on that.,Speaker 2: Goodnight.,0,4.333333333,3,"Withdrawn, polite"
9398,"Speaker 1: You were right about coming here. I'm sorry for not thinking...Speaker 2: No, it's okay. Believe me, there were plenty of times I didn't know what the hell was right.Speaker 1: How are you feeling about work?",Speaker 2: Let's not talk about that now.,0,4.333333333,3,"Avoidant, uncomfortable"
681,Speaker 1: You're pointing a gun at me.,Speaker 2: I'm sorry. It is.,1,2.333333333,3,"Apologetic, tense"
8199,"Speaker 1: You don't look so bad in this light.Speaker 2: Why do you think I brought you here?Speaker 1: I thought maybe you wanted me to see the kind of work the competition was turning out.Speaker 2: Pretty good, huh? I taught them everything they do.",Speaker 1: Oh.,1,4.333333333,3,Briefly surprised
9137,"Speaker 1: What's that?Speaker 2: I think I'm losing you.Speaker 1: No wait, don't go!Speaker 2: It's okay.  I'm still here, Chief.",Speaker 1: How 'bout covering point!? You suck!,1,1,3,"Angry, frustrated"
4408,Speaker 1: Oh!Speaker 2: Are you alright ?Speaker 1: I've been better.Speaker 2: Your father told me you were working here.,Speaker 1: If I make it through the day.,0,2.333333333,3,"Vulnerable, pessimistic"
4296,"Speaker 1: Um... Liz -- I -- there's something I'd like you to -- something I need you to hear.Speaker 2: Well. Is it long?? I'm going out, but --Speaker 1: Out? Out out?Speaker 2: For a cup of coffee, but go ahead, read.",Speaker 1: You're going alone?,0,4.333333333,3,"Anxious, possessive"
3277,Speaker 1: I don't know what your story is and I don't want to.,Speaker 2: Holy shit! He said what I said!,1,2.666666667,3,"Shocked, amused"
541,Speaker 1: Now you know who and what Freddy really is.Speaker 2: I though Freddy was just an old town story.,"Speaker 1: Goodbye, Mr. Wells.",1,1.666666667,3,"Somber, final"
6565,"Speaker 1: We're on.Speaker 2: What?Speaker 1: She called Maya, who's not working tonight, so we're all going out.Speaker 2: With Maya?","Speaker 1: Listen, what is it? Is it done?",1,1.666666667,3,"Urgent, suspicious"
905,"Speaker 1: What's that?Speaker 2: Oh, let's not talk about it.Speaker 1: Why not?Speaker 2: It's a secret.Speaker 1: You don't have secrets from me.",Speaker 2: He's busy being dead.,1,1.333333333,3,Darkly dismissive
7331,"Speaker 1: Just keep your finger off the button till she's way away from the ship, that's all.Speaker 2: Is it armed?Speaker 1: If you press the button right now, it will blow the whole nose of the ship off.",Speaker 2: One false move and I'll blow your heads off!,1,3.666666667,3,"Threatening, aggressive"
8407,"Speaker 1: The first two murders.Speaker 2: What first two murders.  We don't know about them here, do we?Speaker 1: He told me he had done two others just like it.Speaker 2: When was that?",Speaker 1: Where were you?,1,2,3,"Investigative, suspicious"
4418,Speaker 1: What's up?Speaker 2: Laura.  Her dad died.,Speaker 1: Ooh.  Drag.,0,4.333333333,3,Awkwardly sympathetic
9234,"Speaker 1: When she gets here, have that kid of yours help her with the suitcase.Speaker 2: He took the day off.Speaker 1: Then you do it.",Speaker 2: Can't leave the desk.,0,4.333333333,3,"Restricted, apologetic"
5849,"Speaker 1: There's Times Square.Speaker 2: You can almost spit on it, can't you?","Speaker 1: No, I mean your head.  Sit down.  I'll take a look at it.  I'm a nurse.",1,2,3,"Helpful, concerned"
9155,Speaker 1: What it is?Speaker 2: Not what...who.  Seems your boyfriend wants people to believe Jason has returned.Speaker 1: I thought Jason was only a legend?,"Speaker 2: I'm ready. I'm ready. Okay, let's go.",1,2.666666667,3,"Determined, ready"
4417,"Speaker 1: Don't be sad, Barry.  You'll find true love someday.Speaker 2: Suck my ass.",Speaker 1: Who did he leave with?,1,1.333333333,3,"Concerned, curious"
4840,"Speaker 1: Don't blame yourself, I didn't have to come along.Speaker 2: Why did you, then?",Speaker 1: For you.,0,4,3,"Gentle, offering"
3535,Speaker 1: How can you watch this crap?Speaker 2: Where are you going?,"Speaker 1: Yeah, for some reason, I'm sure...",1,1.333333333,3,"Defensive, uncertain"
3532,"Speaker 1: So, I enjoyed meeting you.Speaker 2: You'll call me, right?Speaker 1: Yeah.Speaker 2: When?Speaker 1: Tomorrow?",Speaker 2: Tonight. Just to test out the phone lines and all.,0,3,3,"Eager, practical"
4395,Speaker 1: Poor Frank. He's better off dead.Speaker 2: I don't believe it.Speaker 1: I'm afraid it's true.Speaker 2: I want to see.Speaker 1: No you don't.,Speaker 2: How long ago was it?,1,4,3,"Distressed, questioning"
6710,"Speaker 1: Captain of the Enterprise, huh?Speaker 2: That's right.Speaker 1: Close to retirement?",Speaker 2: I hadn't planned on it.,0,4,3,"Reflective, reluctant"
1832,Speaker 1: What?,Speaker 2: I said I don't have any.,0,4,3,"Defensive, frustrated"
2355,Speaker 1: I've gotta go in.,"Speaker 2: Well, thanks, I --",1,3,3,"Polite, interrupted"
2165,"Speaker 1: Hi, Eve!",Speaker 2: It's just a party. Daddy.,1,2,3,"Reassuring, dismissive"
3061,Speaker 1: I'm going home,"Speaker 2: I have expectations, too.",1,2,3,"Assertive, hurt"
4977,Speaker 1: Daddy!Speaker 2: Oh God!Speaker 1: You're hurting me!Speaker 2: Stop!!!!Speaker 1: Daddy. Let go.,Speaker 2: Yes.,1,2.333333333,3,"Afraid, submissive"
2009,Speaker 1: Show me something?Speaker 2: Like what?,"Speaker 1: I'll give it to ya, no money down. The neighborhood has gone to hell anyway.",1,1,3,"Persuasive, opportunistic"
6676,"Speaker 1: Claire?Speaker 2: What do you want?Speaker 1: Open the door, will you?Speaker 2: I can't open it.",Speaker 1: It's just me.  I want to talk to you.  Let me in...,0,4,3,"Urgent, pleading"
4126,Speaker 1: I want to speak --Speaker 2: Not now.,"Speaker 1: Yes, sir.",0,4,3,"Compliant, resigned"
8740,"Speaker 1: Was I wrong to cast Loretta?Speaker 2: Bad decisions are easy to live with. Forget.  Just keep looking forward.Speaker 1: But was it a bad decision?  At the time, I thought her money would save the movie.Speaker 2: Eddie, you screwed up.","Speaker 1: Yeah, I did.",0,5,3,"Regretful, admitting"
1513,Speaker 1: -- Shhh.,Speaker 2: I can always get a fresh one. Karen - you're a Gibson girl...,1,2.666666667,3,"Playful, reassuring"
9457,Speaker 1: I was her best friend.Speaker 2: Best friend?Speaker 1: Since grade school.Speaker 2: That's a long time.Speaker 1: We were like sisters.  Knew everything about each other.,Speaker 2: It didn't get there from me.,1,2,3,"Defensive, denying"
6346,"Speaker 1: Look. Let's just forget about it. Let's just go to the meeting and ...Speaker 2: I told you, George. I'm not going.Speaker 1: Sure you are.",Speaker 2: No I'm not.,0,5,3,"Resistant, firm"
3782,Speaker 1: Do I know you?Speaker 2: We've met before.,"Speaker 1: Oh yeah, the insurance guy.",0,4.666666667,3,"Recognizing, uncertain"
4657,"Speaker 1: It's all this moving from place to place.  We're never settled.  I'm having nightmares myself.Speaker 2: What kind, Mom?",Speaker 1: I think you do.,1,1,3,"Reassuring, anxious"
1469,Speaker 1: Guess who's here? Another surprise guest.Speaker 2: Who?Speaker 1: Debbie.Speaker 2: My Debbie?,Speaker 1: Humans.,1,1,3,"Dry, surprising"
5572,Speaker 1: Since right after we lost our son.Speaker 2: You mean after he lost your son.Speaker 1: It was nobody's fault.Speaker 2: But John was with him at the pool?,Speaker 1: Yes.,0,4.666666667,3,"Grieving, defensive"
4044,Speaker 1: BENJAMIN?Speaker 2: Yes.Speaker 1: Will you bring up my purse before you go?,Speaker 2: I have to go now. I'm sorry.,0,3.333333333,3,"Apologetic, hurried"
6580,Speaker 1: What the fuck!Speaker 2: You said it looked like a car accident.Speaker 1: What the fuck!,Speaker 2: I'll pay for it.,0,4,3,"Placating, fearful"
4051,"Speaker 1: Yes sir?Speaker 2: A room. I'd like a room, please.Speaker 1: A single room or a double room?Speaker 2: A single. Just for myself, please.",Speaker 1: Well then ... shall we?,1,3.333333333,3,"Suggestive, polite"
4481,Speaker 1: Oh please.  Another one.Speaker 2: What would you like?Speaker 1: Something pretty.,Speaker 2: Did you hear that?,1,3,3,"Alert, curious"
7035,"Speaker 1: I, uh... I got it stuck.Speaker 2: You got what stuck?Speaker 1: It.",Speaker 2: Well.  Well...,1,3,3,"Embarrassed, hesitant"
2386,Speaker 1: Mike's gotta go.  Nice to meet you.,"Speaker 2: Yeah, nice meetin' you.",0,5,3,"Polite, detached"
8996,"Speaker 1: Who the fuck are you? Who the fuck are you?Speaker 2: I got your goddamn money, you little punk. Now where's my daughter?Speaker 1: I am through fucking around! Drop that fucking briefcase!Speaker 2: Where's my daughter?Speaker 1: Fuck you, man! Where's Jerry? I gave SIMPLE FUCKING INSTRUCTIONS -Speaker 2: Where's my damn daughter? No Jean, no money!",Speaker 1: Drop that fucking money!,0,5,3,"Aggressive, commanding"
5712,"Speaker 1: Hello there. Well, well! If it isn't the man about town!Speaker 2: All set, Ann?","Speaker 1: Huh? Oh, yes. Let's go.  Now, let's see. We want some action in these pictures.",0,4.333333333,3,"Distracted, excited"
584,"Speaker 1: You do good work, Alice.",Speaker 2: So did Dan.,0,5,3,"Modest, reflective"
3191,Speaker 1: I don't think we should meet again.,Speaker 2: You think so?,1,4.666666667,3,"Uncertain, vulnerable"
4019,Speaker 1: Do you just hate everything? How could you possibly rape my...Speaker 2: What?Speaker 1: I don't understand --Speaker 2: Did you say rape her?Speaker 1: -- how you -- how anyone -- could do a thing like that.,Speaker 2: Let me see what I can do.,1,3,3,"Helpful, restrained"
3478,"Speaker 1: The Children. Where are your childrenSpeaker 2: Oh, they're gone for the day... with friends.","Speaker 1: Friends. Ah yes, friends! How nice.",0,4.666666667,3,"Performative, pleased"
565,"Speaker 1: You stopped it didn't you?  It was probably just a regular bad dream.Speaker 2: Yeah...I guess.Speaker 1: You don't dream him up, he can't hurt you.  Or me.  Or us.  Remember...Speaker 2: You're right.",Speaker 1: I don't hear no fat lady.,1,1,3,"Defiant, hopeful"
2443,Speaker 1: Continue the joke.,"Speaker 2: See you, Bob.",1,2,3,"Casual, dismissive"
4636,Speaker 1: You want to find them.Speaker 2: Yes.,Speaker 1: You want to kill them.,0,4.333333333,3,"Vengeful, intense"
6474,"Speaker 1: I saved your life.Speaker 2: You shouldn't have.Speaker 1: He did love you, you know. Nick. He did love you.",Speaker 2: Who wouldn't.,0,4.333333333,3,"Resentful, hurt"
8685,"Speaker 1: Now run along, Daniel.Speaker 2: What a fine boy you have, Jabez. How old is he now?Speaker 1: Almost seven.  No -- no, he's not seven yet I am sure --",Speaker 2: The creek bed --,1,2.333333333,3,"Informative, reflective"
7181,"Speaker 1: I'm gonna take your silence as a ""yes""...Speaker 2: Santos... I can't...Speaker 1: Shhhh... It's all right... Also, I either take you or that pretty daughter of yours to bed.Speaker 2: You fucker, don't you ever touch Lula - You fucker, I'll kill you.Speaker 1: Put your shoulders back.Speaker 2: What?","Speaker 1: Not yet, Jeff.",1,1,3,"Hesitant, resistant"
8026,Speaker 1: I'm going to go powder my nose.Speaker 2: Ginger's mission in life was money.Speaker 1: I'll be right back.,"Speaker 2: See you, Ginger.",0,2.333333333,3,"Dismissive, polite"
1465,"Speaker 1: Hey, you guys...",Speaker 2: Oh...,1,1,3,"Surprised, subdued"
9112,"Speaker 1: And they're leaving the country tomorrow night.Speaker 2: Bastard.Speaker 1: I don't have all the pieces yet, but I'm close. I'll know tomorrow.Speaker 2: I'm calling the police. Right now.",Speaker 1: You can't do that.,0,5,3,"Insistent, moral"
1152,Speaker 1: It'll be the biggest score yet.,Speaker 2: What will be?,0,4.666666667,3,"Curious, uncertain"
1315,Speaker 1: Maybe he'll get back to work.Speaker 2: Speaking of which...,Speaker 1: Because I'm going to get my father!,1,1.333333333,3,"Childlike, determined"
2218,Speaker 1: Let's eat our cake.,Speaker 2: Yeah. Let's dig in!,0,4.666666667,3,"Enthusiastic, cheerful"
6033,"Speaker 1: I'm not a baby.Speaker 2: You're a big girl, huh?",Speaker 1: I told the customer that his contracts had gone to the bank.,1,1,3,"Defensive, overexplaining"
4107,"Speaker 1: I drive around.Speaker 2: What else?Speaker 1: Nothing else.Speaker 2: Well you don't drive around from midnight until noon the next day, Benjamin.",Speaker 1: We get on which plane?,1,1,3,"Confused, suspicious"
2704,Speaker 1: Stephen ready?,Speaker 2: Aye.,0,4.666666667,3,"Ready, formal"
3068,"Speaker 1: Yeah... Whatever, Jake.","Speaker 2: No, not ""whatever."" You're either in or you're out.",0,5,3,"Firm, confrontational"
2602,"Speaker 1: I'm sorry, Bob.",Speaker 2: That's OK.,0,4.666666667,3,"Forgiving, calm"
365,"Speaker 1: Hey, I don't believe it.Speaker 2: Hiya, kid.Speaker 1: I ought to have you and your friend thrown out...Speaker 2: Don't.  We've had a hard night.",Speaker 1: Down boy.,1,2,3,Playfully commanding
2675,Speaker 1: I wanted to kill him.Speaker 2: But you found another choice.Speaker 1: I did.Speaker 2: It wouldn't have changed the way you feel.,Speaker 1: Daddy. Let go.,1,2,3,"Distressed, pleading"
344,Speaker 1: He ... he wants me to help him skip town.Speaker 2: When? How?,Speaker 1: I dunno ... he's gonna call me...,0,4.666666667,3,"Uncertain, anxious"
7763,Speaker 1: No thanks.Speaker 2: No thanks. what does that mean?Speaker 1: I don't want to go.Speaker 2: Go where?,Speaker 1: Yeah?,1,1.333333333,3,"Cautious, reluctant"
6417,"Speaker 1: So you ever gonna do a picture?Speaker 2: Not you tooSpeaker 1: It's gonna be fine, Orson. You're gonna do great.Speaker 2: I wonder sometimes.",Speaker 1: There you go.  Love you.,1,2.333333333,3,"Affectionate, encouraging"
3,"Speaker 1: Gosh, if only we could find Kat a boyfriend...",Speaker 2: As many times as it takes.,1,2.333333333,3,"Determined, persistent"
2837,Speaker 1: How do you do?Speaker 2: How do you do?Speaker 1: One hears a great deal about Rick in Casablanca.Speaker 2: And about Victor Laszlo everywhere.,Speaker 1: Maybe we shouldn't.,1,2,3,"Doubtful, cautious"
6314,Speaker 1: I don't believe it.  You're here! Oh thank God.Speaker 2: You didn't think I could just leave you?Speaker 1: I didn't know what was going to happen.  I was just so worried something was going to happen to you.,"Speaker 2: What could happen?  I'm the plastic man, remember?",0,5,3,"Confident, reassuring"
6198,Speaker 1: What?  What do you want me to do?Speaker 2: What do you think?  Get us into that room.,Speaker 1: I can't.,0,5,3,"Unable, pressured"
4365,Speaker 1: You know it's not often I... you know...Speaker 2: There's a first time for everything.Speaker 1: I suppose that's right.Speaker 2: You want something to drink?,"Speaker 1: I'm sorry, I don't follow. What was there to see?",1,1.666666667,3,"Confused, defensive"
0,Speaker 1: You're asking me out.  That's so cute. What's your name again?,Speaker 2: Forget it.,0,4.333333333,3,"Dismissive, offended"
666,Speaker 1: Alice!,Speaker 2: Daddy...,0,4,3,"Frightened, dependent"
5595,"Speaker 1: We're with Ruiz.Speaker 2: Ruiz isn't here.Speaker 1: We're supposed to meet him here. Is Ruiz on the list?Speaker 2: Ruiz is always on the list. He just ain't here, though.Speaker 1: Can you check?",Speaker 2: Goodbye.,1,1.666666667,3,"Dismissive, detached"
2436,Speaker 1: Shit!... Shit! He ain't here.Speaker 2: What the fuck do you mean?,Speaker 1: I mean he ain't here.,0,5,3,"Panicked, frustrated"
8992,"Speaker 1: Feeling better?Speaker 2: Yes, thanks.Speaker 1: That's good.  That's uh...good.",Speaker 2: You always had a way with words.  I should be getting back.,0,3.666666667,3,"Awkward, withdrawing"
4595,"Speaker 1: I wanna walk.Speaker 2: It's a long walk.Speaker 1: I got time, Bert.Speaker 2: You want me to tell her for you?Speaker 1: Tell her what?","Speaker 2: Heck, no!  What?!",1,2,3,"Surprised, alarmed"
2222,Speaker 1: Should we say a little prayer first?,Speaker 2: Just open the door.,0,2.666666667,3,"Directive, tense"
1258,"Speaker 1: Anywhere you want?Speaker 2: Let's not think about what I want. How about anywhere you want.Speaker 1: Oh Patrick, I can't make this decision.Speaker 2: No, come on. Anywhere you want.","Speaker 1: Oh, I can't.  I don't know.",0,3.666666667,3,"Overwhelmed, indecisive"
3718,"Speaker 1: Goodbye, Harry. It was very good to see you again.Speaker 2: Yes. Would you like me to walk a little way with you?Speaker 1: That would be okay.",Speaker 2: Just a little way.,0,5,3,"Gentle, nostalgic"
3466,Speaker 1: Have you read it?,"Speaker 2: No, but I certainly shall.",0,4.333333333,3,"Curious, formal"
1410,Speaker 1: What?,Speaker 2: You're kidding.,0,4,3,"Surprised, skeptical"
2417,Speaker 1: How do you think he figured all this out without talking to us?,Speaker 2: Nothing,1,1.666666667,3,"Evasive, guarded"
967,Speaker 1: The kitchen.,Speaker 2: Something I heard someone say once.,1,3.666666667,3,"Reflective, cryptic"
1139,Speaker 1: Beg pardon?,Speaker 2: I can't.,1,4.333333333,3,"Refusing, constrained"
3859,Speaker 1: The ah... the radio's out.Speaker 2: What?,"Speaker 1: Yes, Jon.  That Karl.",1,1,3,"Concerned, alarmed"
6172,Speaker 1: He's telling the truth. He doesn't know.Speaker 2: Should I kill him now?,"Speaker 1: Wait. Any last words, General Lee?",0,5,3,"Threatening, controlled"
5794,"Speaker 1: Up here, Boss.Speaker 2: That ain't exactly been the lucky spot lately.",Speaker 1: But from now on it's Lucky's spot.,0,2,3,"Assertive, possessive"
5559,Speaker 1: He looks familiar.Speaker 2: Who?Speaker 1: The man across the street.  I've seen him before...,"Speaker 2: No I'm sorry, now I have to get off the phone....",1,2.666666667,3,"Rushed, anxious"
8102,"Speaker 1: Would you like a drink?Speaker 2: Yes, please.Speaker 1: What'll it be?",Speaker 2: Whiskey.,0,5,3,"Simple, cooperative"
4752,Speaker 1: You're beautiful..Speaker 2: What's happening?Speaker 1: She doesn't seem to understand.Speaker 2: Try another language.,Speaker 1: Which language?,0,4,3,"Practical, observant"
7960,"Speaker 1: What a great surprise.  I didn't think we had a chance.  I heard you wanted to stay in Washington.Speaker 2: Well, there's a guy, but he says he'll fly up a lot.Speaker 1: Well, we should talk.  You going to have time for  dinner?  I'd like you to meet Lila.Speaker 2: I'm sorry because I was looking forward to that, but I' m going back in a few hours.",Speaker 1: Okay...It's so good to see you.,0,4.333333333,3,"Curious, problem-solving"
1524,"Speaker 1: Who's going to die?Speaker 2: Brian. He's not doing it right, dad. He never does it right.","Speaker 1: Well, let's have a look.",0,3.666666667,3,"Warm, excited"
8702,"Speaker 1: Doctor, this is Da Mayor talkin'.Speaker 2: OK.  OK.Speaker 1: Doctor, always try to do the right thing.Speaker 2: That's it?",Speaker 1: That's it.,0,3.333333333,3,"Concerned, evaluative"
3204,"Speaker 1: So how do you feel, your first night? I'll bet you're on a high.Speaker 2: Nice car.Speaker 1: She's my baby.Speaker 2: How long have you worked at the casino?Speaker 1: Coming up to two years now.  But I was away for six months.",Speaker 2: You've done pretty well.,0,4,3,"Challenging, skeptical"
7301,"Speaker 1: Oh that one there, in the corner.Speaker 2: The one up on the third floor?Speaker 1: Yes.",Speaker 2: There is no big job.,1,2,3,"Confident, approving"
8094,"Speaker 1: Look, I'm sorry.Speaker 2: Fuck off, Dave.Speaker 1: No, I won't fucking fuck off. Said I'm sorry, didn't I?","Speaker 2: Yeah. I heard. You hear, Jimmy?",0,4,3,"Defensive, denying"
561,"Speaker 1: The tickets.Speaker 2: They're coach seats, but the plane lands in Paris.  It's gonna be a helluva summer, hon!",Speaker 1: Like I'm going to hunt you down and kill you.,1,1.333333333,3,"Angry, resentful"
5965,Speaker 1: Where am I going?Speaker 2: Through there!,Speaker 1: Can you see it?,1,3.666666667,3,"Threatening, possessive"
8477,Speaker 1: I'm sorry that was out of line.Speaker 2: I want to go home.Speaker 1: I was just kidding.,Speaker 2: Good. Good.,1,3,3,"Urgent, disoriented"
6286,Speaker 1: That's enough of that kind of talk!Speaker 2: I just said--,"Speaker 1: I know what you just said. Ellie, clear your place.",0,4.333333333,3,"Reassuring, regretful"
5153,Speaker 1: You're going to be late for your match.Speaker 2: Are you going to come tonight?,Speaker 1: Yeah.,1,4.333333333,3,"Authoritative, corrective"
4857,"Speaker 1: He's into kind of little cars, that...Speaker 2: That remote control thing?Speaker 1: Yeah.Speaker 2: Alright, we'll do that tomorrow.",Speaker 1: Do exactly what I say.,1,2.333333333,3,"Noncommittal, distracted"
7836,Speaker 1: Smells like dirt.Speaker 2: You get used to it.Speaker 1: When?Speaker 2: You want to go back in?,Speaker 1: No. I'm all right. It's working.,0,3,3,"Commanding, strategic"
313,Speaker 1: Where's luther?Speaker 2: Be polite. Say hello.  This is Candy.,Speaker 1: No. I'll try again later.,1,2.666666667,3,"Strained, adapting"
8545,Speaker 1: How do you know?Speaker 2: I don't think you would. No matter what form you take.Speaker 1: I can't take that chance... I couldn't live with myself if I did anything to you.,Speaker 2: Five million dollars.,1,2,3,"Avoidant, polite"
5646,"Speaker 1: You know that gal?Speaker 2: Mind your own goddamn business... She comes in a lot?Speaker 1: 'Bout every other night, Red.",Speaker 2: With him?,0,4.666666667,3,"Serious, morally conflicted"
7073,"Speaker 1: No... No, go away.Speaker 2: I'm glad you let me talk to you. You used to not let me talk to you.Speaker 1: Go away. I am not talking to you.",Speaker 2: He's a good man.,1,1,3,"Suspicious, questioning"
4944,Speaker 1: You get a chance to use it?Speaker 2: I felt a lot safer having it. My milk went bad when I was in jail.,Speaker 1: Black's fine.,0,2,3,"Protective, reassuring"
2054,Speaker 1: I can imagine.,Speaker 2: Can you?  I couldn't.,0,4.666666667,3,"Calm, practical"
8376,Speaker 1: Don't take that.  Tell him to shut the fuck up.Speaker 2: I can't do that.  He's the Man.  He'll fire my ass.Speaker 1: So what?Speaker 2: I need the job.,Speaker 1: No you don't.,0,5,3,"Empathetic, doubtful"
622,"Speaker 1: Well, I'll be - !",Speaker 2: I'll be another!,0,4.666666667,3,"Assertive, defiant"
1942,"Speaker 1: I just want you to know... I mean anybody who says you ever took has got to deal with me.Speaker 2: Go to sleep, Charlie.","Speaker 1: You didn't take, did you...?  You hear things.",0,3,3,"Defiant, dramatic"
249,"Speaker 1: Too bad about Frank, isn't it?Speaker 2: Yes, it is.",Speaker 1: Let's get a hot dog.,1,2,3,"Protective, loyal"
2084,Speaker 1: We scared each other pretty good didn't we?,Speaker 2: We sure did.,0,5,3,"Lighthearted, consoling"
1307,Speaker 1: You calling Phil and Randy?,Speaker 2: It's too neat.,1,2.333333333,3,"Playful, relieved"
7101,Speaker 1: You always hurt the ones you love.Speaker 2: You mean the ones you pity.Speaker 1: Say anything you want... I know you love me and I love you.,"Speaker 2: Aye, we'll get 'em.",1,1.333333333,3,"Analytical, suspicious"
485,"Speaker 1: Show me where you did it, on the map, exactly where you did it.Speaker 2: Why?",Speaker 1: Just because.,1,3.666666667,3,"Determined, comforting"
4717,Speaker 1: What?Speaker 2: You've got to go to sleep now.Speaker 1: I want to go home...,"Speaker 2: Well, thank you anyway.",1,2,3,"Defensive, evasive"
4723,"Speaker 1: Where are you,...Al?Speaker 2: You're not gonna believe this...Speaker 1: Try me.",Speaker 2: Somewhere else?,1,3.333333333,3,"Gentle, dismissive"
9180,Speaker 1: This could be it.Speaker 2: This could be it.Speaker 1: This could be it.Speaker 2: This could be it.Speaker 1: Does it feel comfortable?Speaker 2: Does what feel comfortable?,Speaker 1: This could be it.,0,2.333333333,3,"Confused, disbelieving"
3166,Speaker 1: Why did you take the money?Speaker 2: I hate public transport.Speaker 1: What?Speaker 2: I want to buy a car.,Speaker 1: How can anyone be that naive?,0,2.333333333,3,"Anticipatory, excited"
6177,"Speaker 1: You've got to be missing a piece of your soul to kill someone. That's not our Betty...Speaker 2: ...why do you think you have to be missing a piece of your soul to kill somebody?Speaker 1: Because it ain't natural, young man.",Speaker 2: I'm sorry. It is.,1,5,3,"Critical, incredulous"
7061,Speaker 1: Is there something I should know?Speaker 2: Just relax.Speaker 1: Is it the plane?Speaker 2: The plane is fine.,"Speaker 1: I might not stay, anyway.",1,2.333333333,3,"Apologetic, defensive"
6064,Speaker 1: All right...  Come along.Speaker 2: What?,Speaker 1: Go ahead of me -- the both of you.,0,2.666666667,3,"Uncertain, avoidant"
3023,Speaker 1: Do you like to read?,Speaker 2: They made you leave your hotel...  ... you caused a disturbance.,1,1,3,"Directive, protective"
5963,Speaker 1: We may be getting in over our heads here.Speaker 2: This looks like a job for Superman --Speaker 1: Or Batman --,Speaker 2: Yes indeed. I need protection.,1,4,3,"Critical, explanatory"
5241,Speaker 1: Yes?Speaker 2: Would you be willing to stake your life on it?Speaker 1: I think so...,Speaker 2: No.,1,1.333333333,3,"Defensive, seeking safety"
5811,Speaker 1: You boys carryin' pieces?Speaker 2: You tryin' ta tell me something? I don't come to a meet with a weapon unless it's with an enemy.,Speaker 1: Yeah.,1,3.333333333,3,"Resolute, denying"
4351,Speaker 1: Julia?Speaker 2: I'm here.,Speaker 1: Try me.,1,1.666666667,3,"Guarded, reassuring"
2285,Speaker 1: Look.Speaker 2: No.Speaker 1: Falling.,Speaker 2: I'm fine. I'm,1,2.666666667,3,"Challenging, confident"
4878,Speaker 1: Coffee?Speaker 2: Yeah... Thank you.Speaker 1: How have you liked your stay?,Speaker 2: What I've seen... I've liked.,0,4.666666667,3,"Encouraging, inviting"
4689,"Speaker 1: ...you did it.Speaker 2: No, Dad. You did. Forty years.Speaker 1: If only I could have been with you.Speaker 2: There were rats, Dad.Speaker 1: Rats?Speaker 2: Yeah, big ones. What do the Nazis want with you Dad?",Speaker 1: Well.  You have seen me.  Now it is my turn to see you.  Strip.,1,1.333333333,3,"Struggling, distressed"
6539,"Speaker 1: How do you pay for all this? I mean, rent, and tapes and this equipment.Speaker 2: I have money.Speaker 1: What will you do when the money runs out?Speaker 2: It won't. Are you ready?","Speaker 1: I never said you were ""nothing"".",1,1,3,"Flirtatious, appreciative"
5624,"Speaker 1: What do you want?Speaker 2: A little Charlie, perhaps.Speaker 1: Coke?Speaker 2: I've heard you've got the best coke in the States. The shit back home is pants.",Speaker 1: That shouldn't be a problem.,0,3.333333333,3,"Controlling, assertive"
7656,"Speaker 1: You were him last night, weren't you?Speaker 2: Yes.Speaker 1: And he was with her.Speaker 2: We love her, Craig. I'm sorry.Speaker 1: We?Speaker 2: Me and John.",Speaker 1: Don't forget me.,0,4,3,"Defensive, hurt"
1780,Speaker 1: Is he awake?,Speaker 2: He just fell asleep. Josephine's with him.,0,5,3,"Practical, reassuring"
7167,"Speaker 1: What's wrong, you don't like steak?Speaker 2: I should be eating with the crew.Speaker 1: Humor me.  Eat it anyway.",Speaker 2: I'll do that.,1,4,3,"Apologetic, obedient"
5609,Speaker 1: Where do you think you're going?Speaker 2: Back in.Speaker 1: You fucking nuts?Speaker 2: Work's over. I'm gonna party.,Speaker 1: ...hundred yards further down the road.,1,2.333333333,3,"Determined, exhausted"
9465,"Speaker 1: George.Speaker 2: Hiya, Marty. Well, it's old home week.Speaker 1: Do me a favor, will you, George?Speaker 2: What's that?Speaker 1: Well, you remember my kid sister, Mary?",Speaker 2: That's what I've been trying to tell these people.,1,1.333333333,3,"Helpful, confident"
130,Speaker 1: Chief says -- how many?Speaker 2: Thousands.,Speaker 1: Why?,0,3.333333333,3,"Urgent, frustrated"
105,Speaker 1: What just happened?Speaker 2: Your daughters went to the prom.Speaker 1: Did I have anything to say about it?Speaker 2: Absolutely not.,Speaker 1: Where he always is.,1,1.666666667,3,"Familiar, supportive"
4425,"Speaker 1: You don't have to go this second. You can stay until whenever.Speaker 2: We've done the hard part now.  I might as well, you know...","Speaker 1: Look, you did something that set it off. Try to remember. Concentrate. Tell me exactly what you did!!",1,1.666666667,3,"Curious, alarmed"
6440,Speaker 1: Hello.Speaker 2: Mrs. Doyle?Speaker 1: Yes.Speaker 2: Jeff again.  Has Tom come in yet?,"Speaker 1: Not yet, Jeff.",0,5,3,"Concerned, insistent"
9145,"Speaker 1: My father didn't die in a fire?Speaker 2: Huh?Speaker 1: My father didn't die in a fire?Speaker 2: Fire?  What are you talking about?  He had cancer, John.","Speaker 1: Save it, baby. Save it for Mr. Right, 'cause your grandma's smarter than ya think.",1,1,3,"Helpful, cautious"
4359,Speaker 1: Huh?Speaker 2: Please...Speaker 1: What's wrong with you?,"Speaker 2: Yeah, nice meetin' you.",1,1.666666667,3,"Protective, dismissive"
5990,Speaker 1: Huh?Speaker 2: What you doing to my nephew?,"Speaker 1: Ah, baby...I thought this was you.  Craig, what are you doing to me?",0,5,3,"Pleasant, polite"
4250,"Speaker 1: Wes, do me a favor.Speaker 2: What?",Speaker 1: Leave me alone. Go home. Go away.,0,3.666666667,3,"Warm, protective"
1603,Speaker 1: Then this must be done tomorrow.,"Speaker 2: No, you won't.",1,2.666666667,3,"Defensive, affectionate"
4289,Speaker 1: We should go back -- you -- you could tear that door apart --Speaker 2: Don't move. We --Speaker 1: -- should go back. Now!Speaker 2: No. Don't --,Speaker 1: You always did.,1,1.666666667,3,"Distressed, avoidant"
1369,Speaker 1: Good luck ... Peter ... Emma.,"Speaker 2: Time? Oh, no Calvin. It's not time yet. I still have--",1,1.333333333,3,"Firm, certain"
36,"Speaker 1: Oh, God.  It's starting.",Speaker 2: It's just a party. Daddy.,0,3,3,"Reassuring, confident"
2715,Speaker 1: Then when?,"Speaker 2: Well done, Indy. Very well done, indeed. This will find a place of honor in our Spanish collection.",1,2.333333333,3,"Anxious, loyal"
8923,Speaker 1: Piano.Speaker 2: Two at a time?Speaker 1: My brother and I. One each.Speaker 2: Oh.,Speaker 1: What's going on?,1,3.666666667,3,"Comforting, delaying"
481,Speaker 1: You're a dead man.Speaker 2: Leave him alone.,"Speaker 1: No, don't say anything else!",1,3,3,"Proud, approving"
2251,"Speaker 1: I'm selling this place.  I want out of this hell hole!Speaker 2: Could I, like...oh, wow...like,uh...Speaker 1: Buy it from me?Speaker 2: Yeah!  Yeah, that's it!",Speaker 1: The option.,1,2,3,"Confused, alert"
7519,Speaker 1: Fine..Speaker 2: Learn anything?Speaker 1: Oh yeah.,Speaker 2: I'm not ready yet. I gotta do this for a little while.,1,2,3,"Protective, alarmed"
955,Speaker 1: What shall we do?,Speaker 2: I never saw this girl in my life.  Is this a kind of joke?,1,3,3,"Opportunistic, curious"
4833,Speaker 1: Are you alright?Speaker 2: Yes. No. I'm...okay. They can't do this. They can't hold us here.Speaker 1: Looks like they can. What did they do?Speaker 2: They asked about you.Speaker 1: What did you tell them?,"Speaker 2: No, thank you.",1,1.333333333,3,"Determined, unfinished"
7915,"Speaker 1: Why don't you say, no system is perfect.Speaker 2: Well, no system is.Speaker 1: Say, all wars have innocent victims.Speaker 2: Well, all wars do -Speaker 1: Who is this war against, Sam?Speaker 2: Well, terrorists of course.",Speaker 1: No.,1,3.666666667,3,"Defensive, shocked"
2813,Speaker 1: How did you get in?,Speaker 2: See the tape. Then we can discuss my heart.,1,1,3,"Polite, overwhelmed"
2865,"Speaker 1: If you don't mind, you fill in the names. That will make it even more official.Speaker 2: You think of everything, don't you?","Speaker 1: I'd like to stay, but I really don't have time to hang around here.  I'll call you.  Later, Johnny!",1,2.333333333,3,"Firm, rejecting"
1120,Speaker 1: He's smiling.,Speaker 2: Never a good thing.,0,4.666666667,3,"Guarded, challenging"
5044,Speaker 1: The power's back up!Speaker 2: Then open the doors!,Speaker 1: Thirty seconds.,0,2.666666667,3,"Detached, informed"
918,Speaker 1: Are you saying that someone is paying you to be our maid and doesn't want us to know who he is?,Speaker 2: Yes. I can live in or out just as you wish.,0,1.333333333,3,"Polite, time-pressured"
1916,"Speaker 1: Are you drunk?  Keep drinkin' water and you won't get a headache in the mornin'.Speaker 2: Yeah, gal I been here before.",Speaker 1: I guess you have.,0,4,3,"Uneasy, observant"
5018,"Speaker 1: Where's Sarah? Where are the boys?Speaker 2: Sit down, Jake.Speaker 1: Where are they?Speaker 2: Sit down!Speaker 1: No! What's going on? Where's my family?Speaker 2: It's over, Jake. It's all over.",Speaker 1: Where have they gone?,0,5,3,"Urgent, commanding"
5759,Speaker 1: I wanted to get this out of the way.Speaker 2: You got a bet on the game tonight?,Speaker 1: Pour that back.,1,1,3,"Professional, compliant"
1244,Speaker 1: That's Paul Owen.,Speaker 2: That's not Paul Owen. Paul Owen's on the other side of the room. Over there.,0,5,3,"Resigned, self-aware"
6154,Speaker 1: I see you're sticking to the diet Betty put you on...Speaker 2: Worry about your own goddamn lunch!,Speaker 1: Tell him what you told me.,0,2.666666667,3,"Worried, demanding"
4054,Speaker 1: Is it a girl?Speaker 2: Is what a girl?Speaker 1: Whatever it is you're upset about.Speaker 2: Oh -- no. I'm just sort of disturbed about things.,Speaker 1: In general.,0,3.666666667,3,"Controlling, admonishing"
8900,"Speaker 1: Lieutenant?Speaker 2: I came to say goodbye.Speaker 1: You just missed them.Speaker 2: How's the girl?Speaker 1: She seemed fine.Speaker 2: Ah, that's good. That's all that's important. Back to business. Back to work. Bye now, Father.",Speaker 1: Good bye.,0,4.333333333,3,"Corrective, confident"
4347,Speaker 1: All right.Speaker 2: So what's the argument?Speaker 1: No argument.,Speaker 2: Ok.,1,3,3,"Defensive, prompting"
4110,"Speaker 1: Why did you say that?Speaker 2: Well this is your business, Benjamin.  If you --",Speaker 1: No wait. Wait.,0,4,3,"Casual, evasive"
8737,"Speaker 1: Where is it?Speaker 2: I don't know where it is. It's not here. It's been stolen.Speaker 1: Wait a minute, I think I know who stole it.",Speaker 2: That's their problem.,1,2,3,"Concerned, probing"
7291,Speaker 1: You liked Sister Paul?Speaker 2: She was kind to me. She told me I was beautiful.Speaker 1: What else did she tell you?,"Speaker 2: Nine, ten. And you're awake! Open your eyes, dammit!",1,1,3,"Gentle, farewell"
455,"Speaker 1: Hello?Speaker 2: Amy, it's me.  Listen very carefully..",Speaker 1: No way...,1,3,3,"Agreeable, calm"
957,Speaker 1: It wasn't a lunatic.Speaker 2: I beg your pardon?Speaker 1: It was a wolf.Speaker 2: What?,Speaker 1: I guess you'd have to be a fool not to be afraid at a time like this.,1,3.333333333,3,"Interrupting, anxious"
4272,Speaker 1: Why do you say that?Speaker 2: Because they are all the same.,"Speaker 1: Oooh, but they are not. Look.",0,4.666666667,3,"Pragmatic, dismissive"
5148,"Speaker 1: I know you didn'tSpeaker 2: You know, Andy thinks you're doing this.Speaker 1: Doesn't that scare you?Speaker 2: No.",Speaker 1: Why?,0,5,3,"Urgent, desperate"
1791,"Speaker 1: It's enough isn't it?Speaker 2: What do you mean?Speaker 1: You know what I mean babe, It's enough. We can stop.Speaker 2: Do you want to stop?Speaker 1: Yes.",Speaker 2: On my way.,1,2.666666667,3,"Defensive, disbelieving"
6039,Speaker 1: Get moving.Speaker 2: You' oughta learn to relax. I told you I've got it under control.,"Speaker 1: That's good, Pete. Hey... I want you to talk to a friend of mine.",1,2,3,"Fearful, resistant"
7070,Speaker 1: I followed you here from court.Speaker 2: I knew Jimmy Chin. The boy who was shot. Okay?Speaker 1: ...And you were at the trial to... to see that justice was done?,Speaker 2: That's right.,0,5,3,"Demonstrative, corrective"
6501,"Speaker 1: Cindy, about this whole friendship thing...Speaker 2: Yeah, I know, I just love having a guy for a friend.Speaker 1: I know, but I've been thinking --Speaker 2: I know, but I've been thinking --Speaker 1: Listen to me I --",Speaker 2: I ain't in a hurry.,1,2.333333333,3,"Questioning, suspicious"
1723,"Speaker 1: See! The big guy likes it.Speaker 2: I just saw the woman I'm going to marry, I know it. But then I lost her.Speaker 1: Tough break. Most men have to get married before they lose their wives.Speaker 2: I'm going to spend the rest of my life looking for her. That or die alone.Speaker 1: Jesus, kid.  Let me guess. Real pretty, blonde hair, blue hat?Speaker 2: Yes!",Speaker 1: Do I look that obvious? My name's Paul.,1,2,3,"Ready, hopeful"
745,Speaker 1: What did he have?,Speaker 2: We have met ...,1,1.333333333,3,"Reassuring, confident"
2768,Speaker 1: Where am I? What happened? Where did we all go?,"Speaker 2: Calm down, kid. Stand still.",0,3.666666667,3,"Confirming, serious"
1180,"Speaker 1: I am so sorry, Jesse.",Speaker 2: Frank and me have to go away for a while.,0,3.333333333,3,"Relaxed, patient"
6492,"Speaker 1: A man can't help gettin' excited once in a while.Speaker 2: That's right, Steve.Speaker 1: Can I have my gun back?","Speaker 2: Sure. You'll find it under the wagon seat. Like I said before, a twenty- two's more your size.",0,4.333333333,3,"Awestruck, romantic"
3011,Speaker 1: Where's the name sheet?Speaker 2: Nobody's named this one yet.,Speaker 1: Let's get a second opinion.  Wilson? What do you see?,1,2.666666667,3,"Recognizing, cautious"
2670,Speaker 1: Jesus! --  -- is he back there? --Speaker 2: -- not yet --Speaker 1: -- it's just him? --Speaker 2: -- yeah -- one guy -- I don't think he was ready --,Speaker 1: -- hang on --,0,4,3,"Calming, authoritative"
